{"cameraMode":{"drawMode":0,"name":"Shaded","section":"Shading Mode"},"sceneLighting":true,"audioPlay":false,"sceneViewState":{"m_AlwaysRefresh":false,"showFog":true,"showSkybox":true,"showFlares":true,"showImageEffects":true,"showParticleSystems":true,"showVisualEffectGraphs":true,"m_FxEnabled":true},"in2DMode":false,"pivot":{"x":-0.32656311988830569,"y":0.2203831672668457,"z":5.130889892578125},"rotation":{"x":0.11192863434553147,"y":-0.2903617024421692,"z":0.03421994671225548,"w":0.9497507810592651},"size":2.1389079093933107,"orthographic":false}