{"cameraMode":{"drawMode":0,"name":"Shaded","section":"Shading Mode"},"sceneLighting":false,"audioPlay":false,"sceneViewState":{"m_AlwaysRefresh":false,"showFog":true,"showSkybox":false,"showFlares":true,"showImageEffects":true,"showParticleSystems":true,"showVisualEffectGraphs":true,"m_FxEnabled":true},"in2DMode":false,"pivot":{"x":0.20790410041809083,"y":0.21862447261810304,"z":-0.12683889269828797},"rotation":{"x":0.11335073411464691,"y":0.8345335721969605,"z":-0.5057158470153809,"w":0.18705393373966218},"size":0.49078691005706789,"orthographic":false}