{"cameraMode":{"drawMode":0,"name":"Shaded","section":"Shading Mode"},"sceneLighting":false,"audioPlay":false,"sceneViewState":{"m_AlwaysRefresh":false,"showFog":true,"showSkybox":false,"showFlares":true,"showImageEffects":true,"showParticleSystems":true,"showVisualEffectGraphs":true,"m_FxEnabled":true},"in2DMode":false,"pivot":{"x":0.22259783744812013,"y":0.19886481761932374,"z":-0.10908627510070801},"rotation":{"x":0.028665998950600625,"y":0.9639397263526917,"z":-0.23774130642414094,"w":0.11622952669858933},"size":0.4394276738166809,"orthographic":false}