{"cameraMode":{"drawMode":0,"name":"Shaded","section":"Shading Mode"},"sceneLighting":false,"audioPlay":false,"sceneViewState":{"m_AlwaysRefresh":false,"showFog":true,"showSkybox":false,"showFlares":true,"showImageEffects":true,"showParticleSystems":true,"showVisualEffectGraphs":true,"m_FxEnabled":true},"in2DMode":false,"pivot":{"x":-0.011938333511352539,"y":0.08793067932128906,"z":0.10461044311523438},"rotation":{"x":-0.10187066346406937,"y":0.39624297618865969,"z":-0.04428676515817642,"w":-0.91141277551651},"size":1.454300880432129,"orthographic":false}