{"cameraMode":{"drawMode":0,"name":"Shaded","section":"Shading Mode"},"sceneLighting":false,"audioPlay":false,"sceneViewState":{"m_AlwaysRefresh":false,"showFog":true,"showSkybox":false,"showFlares":true,"showImageEffects":true,"showParticleSystems":true,"showVisualEffectGraphs":true,"m_FxEnabled":true},"in2DMode":false,"pivot":{"x":-0.6610215902328491,"y":0.05765189602971077,"z":1.6091976165771485},"rotation":{"x":0.010057922452688218,"y":0.16040286421775819,"z":0.0016388448420912028,"w":-0.9870094656944275},"size":2.061704397201538,"orthographic":false}